[
    {
        "id": "BEE-15",
        "price": "36.99",
        "name": "Beefeater 1.5L",
        "brand": "Beefeater",
        "description": "The Beefeater is an absolute classic and one of the most recognizable and typical gins on the market. It is a London Dry Gin that is very loved by Martini amateurs. The bottle and the taste are very recognizable and have been unchanged during the past years.",
        "link": "/products/BEE-15"
    },
    {
        "id": "BEL-13",
        "price": "28.99",
        "name": "Belgin 13",
        "brand": "Belgin",
        "description": "Belgin Ultra 13, a new Belgian gin, distilled according to old principles. The Belgin Ultra 13 has an own personality, a very nice gin with a complicated taste.",
        "link": "/products/BEL-13"
    },
    {
        "id": "TAN-10",
        "price": "40.99",
        "name": "Tanqueray Nr10",
        "brand": "Tanqueray",
        "description": "Just like the Tanqueray Special Dry, the Nr10 has an alcohol percentage of about 47,30 %. This gin as introduced for the first time in 2000 and is a nice addition to the portfolio of this producer.",
        "link": "/products/TAN-10"
    },
    {
        "id": "BAH-02",
        "price": "40.99"
    }
]